Cl,Cd
-0.9001,0.05318
-0.901387,0.0508732999999999
-0.915512,0.0472534
-0.926955,0.0422718
-0.93642,0.0394223999999999
-0.939555,0.037239
-0.935752,0.0342066
-0.933268,0.0324669
-0.929512,0.030878
-0.915004,0.0286751999999999
-0.90559,0.027264
-0.894999,0.0261154
-0.8707440000000001,0.0243884
-0.855594,0.023039
-0.839954,0.0219154
-0.810415,0.021063
-0.790312,0.0203268
-0.7727090000000001,0.0198613999999999
-0.73772,0.018806
-0.714824,0.0182255
-0.69526,0.017852
-0.661438,0.0164844
-0.637978,0.0158358
-0.617892,0.0154728
-0.5825720000000001,0.0148048
-0.557375,0.01441
-0.53777,0.0140884
-0.5091209999999999,0.0132554
-0.485136,0.0127712
-0.463438,0.0125195999999999
-0.42494,0.012086
-0.3950539999999999,0.0117644
-0.3744039999999999,0.0113636
-0.3360739999999999,0.0108950999999999
-0.3039320000000001,0.0106146
-0.2637150000000001,0.0102575
-0.230408,0.0099848
-0.2076919999999999,0.009668
-0.183766,0.0083792
-0.166192,0.0071066
-0.1489599999999999,0.0064759999999999
-0.1077600000000002,0.0063059
-0.068386,0.0062868
-0.0404259999999999,0.0062301
0.0034520000000001,0.006228
0.0441849999999999,0.006261
0.0725979999999999,0.0062808
0.116381,0.0062688
0.1586319999999998,0.0062396
0.1873899999999999,0.0062045
0.23055,0.006165
0.273661,0.0061353
0.3020799999999999,0.00612
0.3437839999999999,0.00612
0.387072,0.00612
0.4145850000000001,0.0061245
0.438972,0.0068119999999999
0.453652,0.0080412
0.459778,0.0088392
0.464143,0.0098457999999999
0.46882,0.010896
0.48082,0.0113709
0.5067340000000001,0.0117728
0.5383519999999999,0.012231
0.558008,0.0125244
0.5847549999999997,0.0129094999999999
0.616862,0.0133922
0.642272,0.0138476
0.6736319999999999,0.0144579999999999
0.690932,0.0148664
0.7139299999999998,0.0154189999999999
0.744975,0.0161276
0.762328,0.0165632
0.7843149999999999,0.0171472999999999
0.8137900000000001,0.0179974
0.83005,0.0184975
0.8484879999999998,0.0192507999999999
0.870884,0.0205255
0.882346,0.0213208
0.8990019999999997,0.0221097999999999
0.92402,0.023358
0.946886,0.0241856999999999
0.9758119999999998,0.0253745999999999
1.001429,0.0272365
1.015184,0.0285743999999999
1.0322300000000002,0.029583
1.060028,0.0314568
1.074946,0.0325759999999999
1.09036,0.0339416
1.113966,0.0364551
1.1244299999999998,0.0378539999999999
1.135221,0.0394542
1.151232,0.0426723999999999
1.15878,0.0444506999999999
1.16274,0.0466548
1.1657400000000002,0.0521579999999999
1.1506120000000002,0.0571787999999999
1.132927,0.0604023
1.094734,0.0725383999999999
1.0404,0.09052
