Cl,Cd
-0.5642,0.04454
-0.578753,0.038897
-0.583506,0.0357138
-0.584667,0.0332056
-0.607356,0.0291652
-0.608775,0.02729
-0.608236,0.0244834
-0.610804,0.0229243
-0.592968,0.0228752
-0.582482,0.0219335999999999
-0.56972,0.021075
-0.540454,0.0196817
-0.524152,0.0186488
-0.50674,0.0179123
-0.488232,0.0172438
-0.46928,0.0166145
-0.4359079999999999,0.0152432
-0.411923,0.0146431
-0.389668,0.0142502
-0.366484,0.0139451
-0.3444,0.013514
-0.304687,0.0127248
-0.2761899999999999,0.0123528
-0.252782,0.0120228
-0.229236,0.0117044
-0.204825,0.0114575
-0.180544,0.0112076
-0.1369699999999999,0.0109648
-0.106064,0.0107128
-0.0814369999999999,0.0105193
-0.05632,0.010365
-0.0316569999999999,0.0101681999999999
0.0106119999999999,0.0098892
0.044186,0.0097096
0.0695299999999999,0.0095644
0.0945149999999999,0.009393
0.119172,0.0091892
0.1578360000000001,0.0087824
0.1885059999999999,0.0083792
0.208678,0.0080426
0.22492,0.0076159999999999
0.2349069999999999,0.0070483
0.2643479999999999,0.0068132
0.298035,0.0068756
0.323392,0.0069492
0.3493299999999999,0.007013
0.375448,0.007067
0.4158550000000001,0.0071483
0.4552999999999999,0.0072416
0.481913,0.0073208
0.5083500000000001,0.007425
0.5335620000000001,0.0075096
0.5587559999999999,0.0075156
0.5984209999999999,0.0074906
0.639804,0.0074708
0.667065,0.0074554999999999
0.6944879999999999,0.0074456
0.721911,0.00744
0.7598340000000001,0.0074652
0.8009369999999999,0.0074959
0.82702,0.007486
0.8542420000000001,0.0074760999999999
0.8820300000000001,0.0074091999999999
0.918311,0.0072286
0.958676,0.0070684
0.98271,0.0070335
1.0058060000000002,0.0070638
1.024187,0.0072222
1.029948,0.0088035999999999
1.017781,0.0132641
1.0021600000000002,0.0177769999999999
0.987525,0.0208282
0.984776,0.0230548
0.9997699999999998,0.0246018999999999
1.027002,0.0262896
1.0434,0.0273624999999999
1.0578599999999998,0.0287883999999999
1.0754050000000002,0.0301245
1.088352,0.031296
1.102818,0.0328223999999999
1.12506,0.035058
1.135122,0.0365085
1.1450220000000002,0.0379493999999999
1.140577,0.0405505
1.15082,0.0423695999999999
1.17161,0.044895
1.1848960000000002,0.046124
1.18792,0.0480899
1.201756,0.0493136
1.215726,0.050781
1.2316399999999998,0.0536929999999999
1.2428,0.055187
1.2527,0.0565068
1.262537,0.0582003999999999
1.27211,0.0599854
1.290045,0.0629629999999999
1.300292,0.0644735999999999
1.297772,0.0676095
1.300324,0.0731213999999999
1.2661,0.09025
