Cl,Cd
-0.324,0.13326
-0.32499,0.1291812
-0.322746,0.1256218
-0.317462,0.1219319
-0.304052,0.117116
-0.29856,0.1144024999999999
-0.293412,0.1119106
-0.2888219999999999,0.109342
-0.176628,0.087678
-0.14415,0.0793672
-0.1067999999999999,0.0735639999999999
-0.0909739999999999,0.0702399
-0.086244,0.0653504
-0.084843,0.0622244
-0.084614,0.059227
-0.08562,0.056097
-0.124776,0.0597527999999999
-0.1319509999999999,0.0574856
-0.134032,0.050177
-0.140089,0.0432506
-0.1196399999999999,0.038874
-0.101244,0.036757
-0.0846959999999999,0.034918
-0.067294,0.0329215
-0.042604,0.0257848
-0.019525,0.022855
0.0026499999999999,0.0219436
0.025874,0.0211652
0.0613159999999999,0.0169856
0.08893,0.0135726999999999
0.1135899999999999,0.01218
0.139033,0.011496
0.1830399999999999,0.0107796
0.217554,0.0102887999999999
0.2433599999999999,0.010005
0.2696849999999999,0.0097445
0.312188,0.0092852
0.347369,0.0089603
0.3738399999999999,0.0087908
0.4004479999999999,0.008669
0.4432400000000001,0.008522
0.4805529999999999,0.0084028
0.5069859999999999,0.0083468
0.533761,0.0082616
0.5732760000000001,0.0079187999999999
0.600765,0.006975
0.6545399999999999,0.0063036
0.7267160000000001,0.0062671
0.7782479999999998,0.0063728
0.813444,0.0064655
0.8370500000000001,0.00654
0.8606560000000001,0.0066243
0.8959479999999999,0.0067607999999999
0.931745,0.0069264
0.954964,0.0070544
0.97831,0.0071885
1.0116839999999998,0.0074095999999999
1.047562,0.0076688
1.07056,0.0078356
1.093166,0.0080260999999999
1.13326,0.008426
1.181902,0.0089375
1.203294,0.0091926
1.224122,0.0094746999999999
1.251608,0.0099075999999999
1.2844,0.0104454999999999
1.304132,0.0107722
1.324097,0.0110791
1.3500679999999998,0.0114839999999999
1.381576,0.0120499
1.40014,0.012367
1.41654,0.0127415
1.435068,0.0132336
1.456281,0.0140138999999999
1.466036,0.0146094
1.47385,0.015335
1.478008,0.0165967999999999
1.476158,0.0189663
1.46936,0.0209165999999999
1.460084,0.0232868999999999
1.46272,0.025434
1.473178,0.0283710999999999
1.479334,0.0300531999999999
1.485248,0.0318115
1.489156,0.0341883999999999
1.49071,0.0385255
1.492306,0.0408606
1.495099,0.0431393999999999
1.4971,0.0458568
1.496935,0.0509256
1.49509,0.0539029999999999
1.490086,0.0573005
1.484388,0.0611079999999999
1.465971,0.0691420999999999
1.451952,0.0740552
1.446245,0.0779329999999999
1.4408040000000002,0.0819439999999999
1.426272,0.0903323
1.418694,0.0947067999999999
1.3923,0.10875
