Cl,Cd
-0.4726,0.08595
-0.479134,0.0810099
-0.4883139999999999,0.075668
-0.514884,0.0669173
-0.5389320000000001,0.0603524
-0.556525,0.0550645
-0.5626639999999999,0.0504102
-0.5617909999999999,0.0419553
-0.55664,0.0375772
-0.54801,0.0340377
-0.59463,0.032541
-0.597052,0.0259574999999999
-0.582004,0.021772
-0.5604250000000001,0.0194395
-0.515016,0.0165628
-0.486425,0.0151795
-0.4600039999999999,0.0145312
-0.433207,0.0140084
-0.406378,0.0134854
-0.37963,0.0129688
-0.3308999999999999,0.012198
-0.299223,0.0115718
-0.2725619999999999,0.0111691999999999
-0.24504,0.0109283
-0.217092,0.0107128
-0.1896,0.0103749999999999
-0.161684,0.0101541999999999
-0.1128359999999999,0.0098472
-0.077196,0.0095916
-0.0499169999999999,0.0092743999999999
-0.02415,0.008736
-0.0012509999999999,0.0078669
0.0130799999999999,0.0065876
0.051105,0.006331
0.0898139999999999,0.0065818
0.1503349999999998,0.0070694999999999
0.214724,0.0075204
0.2652950000000001,0.0077319
0.3022779999999999,0.0077676
0.333432,0.0076929
0.3813600000000001,0.007578
0.4244929999999999,0.0074828
0.4564599999999999,0.0073804
0.48814,0.0072330999999999
0.519652,0.0070871999999999
0.5510899999999999,0.0069805
0.582464,0.006913
0.630178,0.0068105
0.6750959999999999,0.006714
0.7033739999999999,0.0066594
0.7304999999999999,0.0066099999999999
0.7577240000000001,0.0065753
0.7853359999999999,0.0065888
0.8311139999999999,0.0075317999999999
0.880092,0.0090476
0.908865,0.0099755
0.935672,0.0107135999999999
0.961236,0.011358
0.985806,0.0119394
1.009412,0.0125118999999999
1.0407799999999998,0.0132879999999999
1.075295,0.0141562
1.09502,0.0147494
1.113645,0.0153508999999999
1.131132,0.0159763999999999
1.146645,0.0167159999999999
1.160246,0.0177914
1.166252,0.0191509999999999
1.1625960000000002,0.0198631999999999
1.162862,0.0207055
1.16633,0.021643
1.177725,0.0223749
1.1900160000000002,0.0232076
1.203822,0.0245314999999999
1.221118,0.0265566
1.235,0.0274775
1.247996,0.0284647999999999
1.260215,0.0295229
1.269708,0.0308176
1.275015,0.0324678999999999
1.28054,0.034544
1.299591,0.0368393
1.308366,0.0383089999999999
1.3168259999999998,0.0398639
1.3245479999999998,0.0415187999999999
1.33197,0.043221
1.336018,0.0456876
1.330535,0.0510726999999999
1.33082,0.0537616
1.336496,0.0559528
1.33981,0.0584409999999999
1.340782,0.0612454
1.340528,0.06429
1.339245,0.0677937999999999
1.332924,0.0748618
1.32828,0.0788709999999999
1.3219120000000002,0.0832567999999999
1.314727,0.0878915
1.305692,0.0928981999999999
1.2705,0.11016
