Cl,Cd
-0.3298,0.09418
-0.3323739999999999,0.0905269
-0.441376,0.0955565999999999
-0.440108,0.0923523
-0.437408,0.0887652
-0.43654,0.084934
-0.440824,0.0812808
-0.453376,0.0327558
-0.4460199999999999,0.0235724
-0.434926,0.0183852999999999
-0.41212,0.0172
-0.387895,0.0163991
-0.363728,0.015474
-0.339137,0.0144552
-0.314228,0.0135288
-0.2887699999999999,0.0128305
-0.26348,0.0120496
-0.238982,0.01109
-0.21307,0.0106084
-0.186916,0.0101917
-0.1606199999999999,0.009774
-0.134365,0.0094214
-0.1085979999999999,0.0089522
-0.082341,0.0085396999999999
-0.055528,0.0082752
-0.02845,0.0080775
-0.001546,0.0078006
0.025502,0.0076178
0.0525559999999999,0.0074072
0.079725,0.0072406
0.1068099999999999,0.007018
0.134044,0.0068779
0.161436,0.0067888
0.188658,0.0066863
0.2150579999999999,0.0064124
0.2401199999999999,0.005861
0.265568,0.0054892
0.291947,0.0053596
0.3186399999999999,0.0052928
0.345309,0.0052456
0.372,0.005236
0.3987299999999998,0.0052459
0.4255179999999999,0.0052674
0.452461,0.0053085
0.4789280000000001,0.0053804
0.504635,0.0054969999999999
0.530132,0.0056409999999999
0.5557270000000001,0.0057894999999999
0.5808999999999999,0.0059535999999999
0.6053949999999999,0.0061522
0.6284,0.0063999999999999
0.651601,0.0070594
0.6734199999999999,0.0080415999999999
0.695191,0.0086563
0.720468,0.008925
0.7463250000000001,0.009132
0.772296,0.0093168
0.7981090000000001,0.0095174
0.822802,0.00983
0.8462449999999999,0.0102716999999999
0.87078,0.0106059999999999
0.8952990000000001,0.010936
0.919006,0.0113472
0.942728,0.0117457999999999
0.966524,0.0121219999999999
0.9890249999999998,0.0126374999999999
1.010956,0.0132028
1.033858,0.0136417
1.0560079999999998,0.0141427999999999
1.077534,0.0146867
1.0986,0.0152599999999999
1.119158,0.0158685
1.13854,0.0165708
1.154038,0.0177191999999999
1.166308,0.0192982
1.18655,0.019905
1.20554,0.0206711999999999
1.223602,0.02157
1.24063,0.0225754
1.256881,0.0236178999999999
1.27264,0.024572
1.2875169999999998,0.0254063
1.301494,0.0261775999999999
1.314372,0.0270319
1.325408,0.0281663999999999
1.331735,0.0301755
1.326162,0.0344554
1.329624,0.0360219999999999
1.334052,0.0374572
1.335735,0.0392997
1.3339800000000002,0.0415819999999999
1.329444,0.0442253
1.320896,0.0473987999999999
1.309471,0.0510153999999999
1.29475,0.0552286
1.277325,0.0600219999999999
1.2578440000000002,0.0654495999999999
1.234129,0.0719056
1.2086360000000005,0.0793751999999999
1.1168,0.11119
