Cl,Cd
-0.6236,0.10159
-0.644786,0.0930661
-0.6742039999999999,0.0836994
-0.7060339999999999,0.0698039
-0.693848,0.0620072
-0.671735,0.0549645
-0.6548080000000001,0.0449656
-0.6527769999999999,0.0418855
-0.652424,0.0395104
-0.644756,0.0359894
-0.63896,0.03422
-0.621223,0.0301083999999999
-0.609684,0.0286872
-0.602223,0.0274029
-0.584444,0.0253638
-0.57201,0.0242355
-0.5491320000000001,0.022704
-0.5344760000000001,0.019369
-0.5276259999999999,0.0180348
-0.511615,0.0169971
-0.49506,0.016374
-0.477896,0.015875
-0.4421419999999999,0.0151772
-0.420395,0.0144325
-0.400108,0.0139636
-0.358825,0.01342
-0.329632,0.0129814
-0.2875379999999999,0.0124347
-0.255912,0.0120396
-0.2305529999999999,0.0117441
-0.18698,0.011338
-0.1532149999999999,0.0109722999999999
-0.12698,0.0106456
-0.0841289999999999,0.0099570999999999
-0.050964,0.0092806
-0.01049,0.0083065
0.02536,0.0078772
0.054133,0.00787
0.1009839999999998,0.0079196
0.1406069999999999,0.0079683
0.16902,0.008034
0.2144839999999997,0.0081349
0.2550359999999999,0.0082031999999999
0.300303,0.0082371
0.3413280000000001,0.00825
0.3698399999999999,0.0082665
0.4137959999999999,0.0083178
0.455305,0.0083871
0.4835719999999999,0.0084668
0.5266249999999999,0.0085457
0.5690999999999999,0.00858
0.6114280000000001,0.0086094
0.6542799999999999,0.0086592
0.682542,0.0087035
0.723874,0.0087806
0.7673800000000002,0.0088715
0.795364,0.0089275999999999
0.835352,0.0090145
0.8793860000000001,0.0091504
0.919129,0.0093265999999999
0.96378,0.009488
0.991242,0.0095234
1.0293280000000002,0.009617
1.073975,0.0097322
1.101164,0.0097916
1.1378799999999998,0.0098824999999999
1.182714,0.0100038
1.218387,0.0101028
1.2632359999999998,0.010258
1.289953,0.0103972
1.3207,0.010402
1.356248,0.0101996999999999
1.376564,0.0101695999999999
1.4013319999999998,0.0102578
1.43664,0.0103807999999999
1.4551,0.0106024999999999
1.464412,0.0113659999999999
1.447247,0.0125919
1.428228,0.0150679999999999
1.4160480000000002,0.0203608999999999
1.40406,0.02373
1.385857,0.0282634999999999
1.359388,0.0351403999999999
1.345255,0.0394266
1.328812,0.0457495999999999
1.322635,0.0489785
1.319552,0.0523264
1.317125,0.0576049999999999
1.319588,0.0600872
1.3228220000000002,0.0628383
1.33195,0.0671479999999999
1.333516,0.070046
1.34512,0.074246
1.349073,0.0766700999999999
1.352868,0.0792606
1.355785,0.0845534999999999
1.361348,0.0868115999999999
1.365077,0.0894045
1.370832,0.0944557999999999
1.3673,0.10378
