Cl,Cd
-0.3273,0.11739
-0.323439,0.1149447
-0.320166,0.1125778
-0.306132,0.1090088999999999
-0.2913,0.1052903999999999
-0.278445,0.10172
-0.2637,0.0979774
-0.247269,0.0941602
-0.226964,0.0900444
-0.201094,0.085615
-0.1158999999999999,0.071377
-0.0869419999999999,0.0670098
-0.064172,0.0637912
-0.001544,0.056179
0.0362959999999999,0.0513848
0.06769,0.0458415
0.0941559999999999,0.043206
0.1530799999999998,0.0384959
0.203742,0.0343282
0.2463389999999999,0.0297949
0.28694,0.0239639999999999
0.317694,0.0219321
0.348036,0.0206045999999999
0.37415,0.0078006
0.4169879999999999,0.0101347999999999
0.450825,0.0112249999999999
0.479438,0.0104394
0.507705,0.0099315
0.535632,0.0096156
0.563593,0.0090288
0.5914699999999999,0.008365
0.61922,0.0080872
0.646872,0.0079411999999999
0.6930520000000001,0.0077493
0.7298799999999999,0.0075414
0.7573399999999999,0.0074375
0.7846,0.0074008
0.8119510000000001,0.0073647999999999
0.8389399999999999,0.0072942
0.8651209999999999,0.007016
0.8908400000000001,0.0062659999999999
0.91713,0.0059467
0.943512,0.0060986
0.969477,0.0062783
0.995428,0.0064664
1.0213,0.006671
1.046716,0.0069158
1.071491,0.0072255
1.095216,0.0076447999999999
1.11813,0.0081553999999999
1.1498,0.009255
1.175443,0.0110504
1.19242,0.0122467999999999
1.216462,0.0126103999999999
1.240678,0.012941
1.264825,0.0132605
1.288684,0.0135959999999999
1.311661,0.0140264
1.334512,0.0144428
1.356728,0.0149105999999999
1.3781599999999998,0.015448
1.400402,0.0158494
1.42149,0.0163466
1.4393429999999998,0.0171180999999999
1.455624,0.0179848
1.47565,0.0184524999999999
1.499594,0.019252
1.527479,0.0203245
1.543008,0.0209935999999999
1.554629,0.0218806
1.55708,0.0233259999999999
1.55707,0.0248672
1.56952,0.025588
1.580608,0.0264618999999999
1.5904360000000002,0.0274768
1.599,0.02865
1.607832,0.0298307999999999
1.616924,0.0310006
1.625306,0.032248
1.632344,0.0336612999999999
1.63814,0.035234
1.640606,0.0371877999999999
1.6351700000000002,0.0401955999999999
1.621819,0.044808
1.631164,0.0479643999999999
1.63366,0.0500845
1.633678,0.0525448
1.630868,0.0554197999999999
1.624568,0.0588536
1.618056,0.0624252999999999
1.6078,0.0666259999999999
1.597747,0.0709856
1.586036,0.0758147999999999
1.5725260000000003,0.0811444999999999
1.554616,0.087434
1.538245,0.0938129999999999
1.5192640000000002,0.1010295999999999
1.49845,0.1089772
1.47364,0.1181523999999999
1.3812,0.15511
