Cl,Cd
0.0202,0.10084
0.005548,0.0944644
0.0145139999999999,0.0912346
0.0269219999999999,0.0892106
0.045348,0.0847916
0.054365,0.0824535
0.061004,0.079849
-0.3119019999999999,0.0286423
-0.325832,0.0235764
-0.309949,0.0222142
-0.2913099999999999,0.021136
-0.252376,0.0194547
-0.229584,0.0183536
-0.208743,0.0173078
-0.166182,0.0157768
-0.1393,0.014972
-0.114784,0.0144079999999999
-0.089386,0.0139797
-0.0458039999999999,0.0125816
-0.015654,0.012047
0.01044,0.0117419999999999
0.0576489999999999,0.0111981
0.08986,0.010875
0.1167439999999999,0.0106429
0.1638119999999999,0.0101112
0.19665,0.009735
0.2233539999999999,0.009512
0.250402,0.0093286
0.2975439999999999,0.0090856
0.331602,0.0088112
0.3580299999999999,0.008611
0.40405,0.0084427
0.438984,0.0082336
0.4656240000000001,0.0080863
0.4923539999999999,0.0079773999999999
0.5365349999999999,0.00781
0.572232,0.0077144
0.598458,0.0076433
0.6399199999999998,0.0075852
0.674855,0.0075517
0.69974,0.00754
0.7370169999999998,0.0076048999999999
0.76847,0.0076615999999999
0.7896409999999999,0.0077612
0.8227120000000001,0.007998
0.8944099999999997,0.007723
0.94877,0.007498
0.968853,0.0077013
0.9984759999999998,0.0080391999999999
1.026586,0.0083926
1.0443,0.00866
1.059956,0.0089519
1.0806919999999998,0.0094363999999999
1.101827,0.0099733
1.115464,0.0103824
1.135885,0.0110115
1.159128,0.011666
1.175639,0.0120448
1.19264,0.0124138
1.2176699999999998,0.0129187999999999
1.24682,0.013464
1.264547,0.0138438
1.288856,0.0144002
1.318404,0.0150231999999999
1.337268,0.0153868
1.3618649999999997,0.0159414999999999
1.3910140000000002,0.01669
1.407547,0.0172113999999999
1.4224879999999998,0.0178335999999999
1.443473,0.0185966
1.47536,0.0193339999999999
1.4932040000000002,0.0198237
1.514828,0.0205472
1.542161,0.0216478999999999
1.55559,0.0224544
1.5688,0.02327
1.5913719999999998,0.0239011999999999
1.621834,0.0249233
1.637124,0.0256482
1.653891,0.0266474999999999
1.67864,0.028164
1.6946979999999998,0.0288633999999999
1.7106099999999995,0.0299235999999999
1.7321959999999998,0.031801
1.74022,0.0331439999999999
1.74406,0.034836
1.74482,0.037137
1.747439,0.0409085999999999
1.7483,0.043062
1.752799,0.0452047999999999
1.75334,0.0496429999999999
1.7507119999999998,0.0523583
1.747512,0.0552091999999999
1.743304,0.0584394999999999
1.7311,0.0650164
1.72605,0.068436
1.7187120000000002,0.0722951999999999
1.701975,0.0802221
1.694498,0.0842601999999999
1.6559,0.09922
